Motor_ID,Date,Voltage (V),Current (Amps),Power (HP),RPM,Temperature (Â°C),Vibration Level (mm/s),Running Hours,Fault Indicator
D.C Machine_4722-92,04-11-2024,228.8202617,6.449570655,1.910363028,1540.89888,71.52176976,3.593273616,4,0
D.C Machine_4722-92,03-11-2024,222.000786,8.417318821,1.803726799,1486.054286,66.2587368,2.568722399,13,0
D.C Machine_4722-92,02-11-2024,224.8936899,7.055631509,2.158482053,1571.578388,69.86548531,1.885512954,21,0
D.C Machine_4722-92,01-11-2024,231.204466,8.238103148,2.064796779,1573.110709,78.15471969,2.251630249,23,0
D.C Machine_4722-92,31-10-2024,229.33779,6.594037084,1.886099181,1478.564897,74.10601791,0.789144362,32,0
D.C Machine_4722-92,30-10-2024,215.1136106,7.409942354,1.878559862,1468.107972,74.8096985,1.606266288,39,0
D.C Machine_4722-92,29-10-2024,224.7504421,7.889510595,2.087096178,1416.791351,63.64569561,2.085252575,48,0
D.C Machine_4722-92,28-10-2024,219.243214,6.339300188,1.912202938,1493.671533,78.52829768,2.099421987,49,0
D.C Machine_4722-92,27-10-2024,219.4839057,8.115147873,2.129614987,1481.828111,76.69562341,0.469383756,53,0
D.C Machine_4722-92,26-10-2024,222.0529925,7.620852437,2.061645931,1538.952561,80.04419192,2.327623179,55,0
D.C Machine_4722-92,25-10-2024,220.7202179,6.257643802,2.053659652,1424.51692,62.73634168,2.279196493,57,0
D.C Machine_4722-92,24-10-2024,227.2713675,6.696757246,2.040469546,1486.13043,68.27541403,1.622948794,59,0
D.C Machine_4722-92,23-10-2024,223.8051886,8.605120084,2.019145087,1548.43722,76.33533902,2.004174999,62,0
D.C Machine_4722-92,22-10-2024,220.6083751,8.895555986,2.08805112,1463.482145,63.91184883,0.516508447,65,0
D.C Machine_4722-92,21-10-2024,222.2193162,7.86809136,1.954591964,1461.881923,67.7387753,0.520204385,70,0
D.C Machine_4722-92,20-10-2024,221.6683716,8.404761812,2.008595197,1427.652983,89.25805737,2.134687262,73,1
D.C Machine_4722-92,19-10-2024,227.4703954,8.223843563,2.075194659,1631.028692,89.51761012,1.332276809,81,1
D.C Machine_4722-92,18-10-2024,218.9742087,8.329622982,2.056298972,1462.626341,82.3994055,1.98844448,86,0
D.C Machine_4722-92,17-10-2024,221.5653385,9.285984007,1.880501319,1434.982658,79.38585136,2.839490672,87,0
D.C Machine_4722-92,16-10-2024,215.7295213,6.493001602,1.949959033,1459.80748,59.8074885,1.82607007,95,0
D.C Machine_4722-92,15-10-2024,207.2350509,8.676460732,2.025280351,1461.285246,75.12562231,-0.810668055,103,0
D.C Machine_4722-92,14-10-2024,223.268093,7.617991044,1.959198529,1486.530511,66.40883405,1.849346362,108,0
D.C Machine_4722-92,13-10-2024,224.322181,7.775741066,2.177465856,1541.268612,59.41428102,1.518955978,110,0
D.C Machine_4722-92,12-10-2024,216.2891749,7.69775027,1.960684681,1485.083842,64.90994161,1.765305646,117,0
D.C Machine_4722-92,11-10-2024,231.3487731,7.624852883,1.983778155,1453.858834,71.15665074,2.899730813,126,0
D.C Machine_4722-92,10-10-2024,212.7281716,6.773803808,2.076943018,1427.433075,64.52644426,0.421469814,127,0
D.C Machine_4722-92,09-10-2024,220.2287926,8.183339199,2.033053274,1501.092868,64.49200574,2.243956624,132,0
D.C Machine_4722-92,08-10-2024,219.0640807,9.670943033,1.985472554,1502.126954,77.92041498,3.570303912,138,0
D.C Machine_4722-92,07-10-2024,227.6638961,7.94386698,1.924350647,1576.546618,71.44106485,1.374056885,147,0
D.C Machine_4722-92,06-10-2024,227.3467938,7.998614957,2.030151406,1504.622387,72.3345808,2.472327886,154,0
D.C Machine_4722-92,05-10-2024,220.7747371,7.312700963,2.103909644,1495.049584,71.11872397,2.966305779,155,0
D.C Machine_4722-92,04-10-2024,221.8908126,7.882525454,2.047909522,1447.467308,63.24296857,2.210231439,156,0
D.C Machine_4722-92,03-10-2024,215.5610713,8.466166426,1.922181648,1484.702371,56.29428082,1.31490302,164,0
D.C Machine_4722-92,02-10-2024,210.0960177,7.629757559,2.173677496,1478.076277,73.1056471,1.290478989,166,0
D.C Machine_4722-92,01-10-2024,218.2604393,7.546195959,1.855342211,1481.491792,64.92963368,2.743800154,167,0
D.C Machine_4722-92,30-09-2024,220.7817448,8.40326454,1.841731436,1452.03723,49.89217731,2.592149091,173,0
D.C Machine_4722-92,29-09-2024,226.1514534,7.08199523,2.096055722,1526.91648,66.07432742,1.213531585,182,0
D.C Machine_4722-92,28-09-2024,226.0118992,8.252496627,2.022584048,1492.877729,59.07782059,0.823526846,184,0
D.C Machine_4722-92,27-09-2024,218.0633659,8.820321797,1.945050145,1489.982326,76.98650234,0.719193286,189,0
D.C Machine_4722-92,26-09-2024,218.4884862,9.359948542,1.890142927,1414.297694,75.21625227,3.661651861,191,0
D.C Machine_4722-92,25-09-2024,214.7572352,7.909617993,2.232079984,1524.682204,74.96893145,1.93205488,200,0
D.C Machine_4722-92,24-09-2024,212.8999103,9.36759724,2.011709087,1524.350766,63.34958382,4.360228586,201,1
D.C Machine_4722-92,23-09-2024,211.468649,9.034409886,2.053420117,1458.04353,77.31551582,2.555545603,204,0
D.C Machine_4722-92,22-09-2024,229.753877,7.00378736,2.03178851,1549.506069,73.19649783,2.439522323,213,0
D.C Machine_4722-92,21-09-2024,217.4517391,6.782061488,2.043480796,1431.762088,65.90145462,2.306272488,218,0
D.C Machine_4722-92,20-09-2024,217.8096285,7.695036362,2.054009446,1498.906505,65.46662568,2.99914985,219,0
D.C Machine_4722-92,19-09-2024,213.7360232,9.028935493,2.073242401,1486.439633,78.92708153,1.033936815,227,0
D.C Machine_4722-92,18-09-2024,223.8874518,7.927712992,1.96247776,1434.141261,65.26395943,4.160013108,235,1
D.C Machine_4722-92,17-09-2024,211.9305108,7.399342442,1.970835801,1509.485131,73.03656474,1.899698297,239,0
D.C Machine_4722-92,16-09-2024,218.9362986,9.55224318,1.825897719,1585.128508,80.33956987,1.296599908,246,0
D.C Machine_4722-92,15-09-2024,215.5226672,8.286904488,1.921969559,1503.381712,89.09342626,2.302561002,248,1
D.C Machine_4722-92,14-09-2024,221.9345125,5.679405724,2.02711128,1476.848912,86.63873124,3.092338876,257,1
D.C Machine_4722-92,13-09-2024,217.4459743,8.317160626,2.104502338,1522.351208,79.00822764,0.992445124,262,0
D.C Machine_4722-92,12-09-2024,214.0968391,8.520040615,2.059903953,1505.286,54.94088648,2.566869372,268,0
D.C Machine_4722-92,11-09-2024,219.8590889,8.225608654,1.965930766,1501.388107,63.10951571,1.283555842,272,0
D.C Machine_4722-92,10-09-2024,222.1416594,8.4497121,1.873682709,1478.722889,64.51912813,1.493726467,274,0
D.C Machine_4722-92,09-09-2024,220.3325861,7.932724391,1.722264085,1571.098778,86.53149833,1.510517581,283,1
D.C Machine_4722-92,08-09-2024,221.5123595,6.68160413,2.115173397,1522.818168,63.00682059,2.763541466,289,0
D.C Machine_4722-92,07-09-2024,216.8283895,7.629295997,1.941077101,1473.566467,73.86166377,0.890927268,297,0
D.C Machine_4722-92,06-09-2024,218.1862942,7.054384204,1.955153499,1494.599808,71.00867063,2.19261611,302,0
D.C Machine_4722-92,05-09-2024,216.6376978,7.067259089,2.013157397,1462.956665,60.64872791,1.656582136,306,0
D.C Machine_4722-92,04-09-2024,218.2022342,6.736931651,1.859443995,1469.585442,73.8182401,1.152789822,314,0
D.C Machine_4722-92,03-09-2024,215.9342686,8.452489093,1.965021782,1467.963714,73.98296086,0.786476397,319,0
D.C Machine_4722-92,02-09-2024,211.368587,8.097896145,2.202347195,1443.28442,57.44225118,0.797111675,324,0
D.C Machine_4722-92,01-09-2024,220.8871307,7.551834637,2.050538694,1538.863848,82.22877447,0.366203982,325,0
D.C Machine_4722-92,31-08-2024,217.9910953,7.350662072,2.035924916,1485.447927,49.13489971,2.896167194,333,0
D.C Machine_4722-92,30-08-2024,211.8490083,7.976576895,1.841750552,1527.706379,64.09242847,1.758346837,339,0
D.C Machine_4722-92,29-08-2024,222.3139113,9.079194728,2.224360189,1466.493705,79.71970294,2.15865193,343,0
D.C Machine_4722-92,28-08-2024,215.4635082,5.995784285,1.857720509,1496.981875,58.06742167,3.178189364,345,0
D.C Machine_4722-92,27-08-2024,220.259727,8.376876521,2.192232476,1464.44797,73.5026592,0.779882843,348,0
D.C Machine_4722-92,26-08-2024,223.6454528,7.454288026,1.788494398,1535.983409,57.03639612,1.058454325,356,0
D.C Machine_4722-92,25-08-2024,220.6449146,6.115414155,2.140536544,1487.579035,69.06975856,2.254715537,357,0
D.C Machine_4722-92,24-08-2024,225.6970034,6.054296917,2.161805427,1463.456321,46.86226887,0.175920448,362,0
D.C Machine_4722-92,23-08-2024,213.8258709,7.087216506,1.917559088,1417.914839,61.57428298,1.421291487,368,0
D.C Machine_4722-92,22-08-2024,222.0117082,8.219509556,2.042258037,1513.783327,54.57078553,1.075106927,373,0
D.C Machine_4722-92,21-08-2024,216.5759495,8.393062934,2.054748057,1464.580747,65.98236258,2.329522442,376,0
D.C Machine_4722-92,20-08-2024,215.6460143,7.061018427,1.918620552,1499.211039,65.84768604,1.574184134,379,0
D.C Machine_4722-92,19-08-2024,217.1057517,9.017020991,1.855088239,1475.413495,63.26335829,4.008149279,382,1
D.C Machine_4722-92,18-08-2024,218.4422373,9.422983497,1.868228266,1547.709479,77.97913197,2.937891372,384,0
D.C Machine_4722-92,17-08-2024,220.2808267,8.396086585,2.054100822,1527.207238,61.13120396,1.146761516,392,0
D.C Machine_4722-92,16-08-2024,214.1742508,7.408597332,1.99148844,1522.360604,76.34386673,1.612686563,394,0
D.C Machine_4722-92,15-08-2024,224.5041324,9.124419185,1.943569897,1469.193944,86.2927577,1.652415487,402,1
D.C Machine_4722-92,14-08-2024,222.3283122,8.755395696,2.096676801,1523.314502,71.3906415,5.306574349,410,1
D.C Machine_4722-92,13-08-2024,212.3187816,8.867407411,2.050806791,1585.74158,61.42329795,0.489800356,414,0
D.C Machine_4722-92,12-08-2024,227.441261,7.343536325,1.924453727,1458.390698,57.50661485,2.2035397,416,0
D.C Machine_4722-92,11-08-2024,229.4794459,5.165445495,1.879879848,1508.616957,62.902149,-0.084432135,424,0
D.C Machine_4722-92,10-08-2024,225.8938979,10.11679102,2.052326174,1417.539151,77.04642721,1.993062559,432,0
D.C Machine_4722-92,09-08-2024,219.1003758,6.389121597,1.946241663,1569.928105,71.55590735,3.909890562,440,0
D.C Machine_4722-92,08-08-2024,214.6462369,7.964231928,2.009920486,1480.104395,79.36795216,1.591544568,449,0
D.C Machine_4722-92,07-08-2024,225.2722586,10.38074535,2.157629897,1539.128944,77.70330879,3.104554421,453,0
D.C Machine_4722-92,06-08-2024,217.9841153,8.330576756,2.050232824,1413.838587,71.40810652,1.933884774,454,0
D.C Machine_4722-92,05-08-2024,226.1122254,8.949246474,1.9137733,1589.876969,74.73488262,1.577501283,462,0
D.C Machine_4722-92,04-08-2024,221.0413749,6.497603431,2.016066119,1482.156424,88.55246209,1.748343641,468,1
D.C Machine_4722-92,03-08-2024,224.8831952,6.222333045,1.904735505,1527.282866,84.15656226,1.413097355,474,0
D.C Machine_4722-92,02-08-2024,221.781832,7.467297208,2.160852216,1507.54091,66.97253983,1.373941728,480,0
D.C Machine_4722-92,01-08-2024,223.5328658,9.090749734,1.943842125,1487.226461,79.89679442,0.669805588,486,0
D.C Machine_4722-92,31-07-2024,220.0525001,7.653750552,2.020727075,1584.289615,75.85850806,3.506800729,489,0
D.C Machine_4722-92,30-07-2024,228.9293525,7.205363679,2.030773257,1417.59769,81.36388078,1.606923604,490,0
D.C Machine_4722-92,29-07-2024,220.6345605,8.19796729,2.015925047,1514.935683,76.71616572,2.293774311,495,0
D.C Machine_4722-92,28-07-2024,222.0099468,9.081935218,1.804145104,1545.532284,60.25832565,1.123468149,504,0
D.C Machine_4722-92,27-07-2024,229.4157535,6.555059801,1.855357894,1498.507194,53.80315435,3.116990559,511,0
D.C Machine_4722-92,26-07-2024,213.2612047,6.789457006,1.954764972,1494.091461,75.72627017,1.726444222,513,0
D.C Machine_4722-92,25-07-2024,213.647575,7.211330745,2.031943183,1492.865614,89.02618198,1.908967332,519,1
D.C Machine_4722-92,24-07-2024,224.8469835,9.094638375,1.986222079,1438.618179,62.24335892,0.171023365,526,0
D.C Machine_4722-92,23-07-2024,214.134383,8.234821526,1.904285253,1501.906369,68.11910262,2.395976211,534,0
D.C Machine_4722-92,22-07-2024,229.7181059,10.13215341,1.865157568,1525.635876,59.64252274,3.811505705,539,0
D.C Machine_4722-92,21-07-2024,217.9319051,8.936445726,1.959844246,1503.429961,81.77829505,1.130922414,547,0
D.C Machine_4722-92,20-07-2024,216.2627259,7.964904823,1.953152396,1486.386195,46.94833145,1.541770846,554,0
D.C Machine_4722-92,19-07-2024,229.6147101,9.265077838,2.051283646,1475.513749,47.36339699,0.861676042,563,0
D.C Machine_4722-92,18-07-2024,227.402574,8.211497013,1.967368154,1486.035167,73.7501992,2.129162174,564,0
D.C Machine_4722-92,17-07-2024,229.3377948,7.295078647,2.060270766,1562.887211,69.17656353,2.064024198,568,0
D.C Machine_4722-92,16-07-2024,224.5302233,8.679974844,1.940535023,1395.668251,65.20376985,2.705081101,575,0
D.C Machine_4722-92,15-07-2024,215.6938716,7.303673346,1.974404233,1502.003573,66.98905213,2.551473547,584,0
D.C Machine_4722-92,14-07-2024,229.5503248,7.709602899,1.965195362,1483.612254,75.36987914,1.187483954,590,0
D.C Machine_4722-92,13-07-2024,218.6599831,9.327782696,1.921763303,1572.790398,65.86196011,2.224948049,595,0
D.C Machine_4722-92,12-07-2024,224.012282,7.898718514,2.062511866,1502.774611,59.03075028,1.671698893,604,0
D.C Machine_4722-92,11-07-2024,224.7362598,7.196858613,1.9186404,1574.24628,60.72637072,0.908967023,610,0
D.C Machine_4722-92,10-07-2024,219.2249495,7.535662309,1.947835849,1393.805499,78.88338862,1.873144127,611,0
D.C Machine_4722-92,09-07-2024,223.0703969,9.021790586,1.992688035,1522.979245,64.75258045,5.801660215,613,1
D.C Machine_4722-92,08-07-2024,224.6110334,7.447459327,1.870262034,1514.002893,56.14722416,4.315170634,616,1
D.C Machine_4722-92,07-07-2024,221.8821277,7.613129153,1.967506504,1569.526698,71.02178327,2.139826598,624,0
D.C Machine_4722-92,06-07-2024,214.502996,7.48970726,1.928869364,1417.93257,75.04994722,3.738857208,632,0
D.C Machine_4722-92,05-07-2024,221.4911909,8.183925494,1.961184581,1492.24821,83.28960748,1.954616636,637,0
D.C Machine_4722-92,04-07-2024,226.6319295,7.61451024,1.9940072,1503.303013,72.17903387,1.946861661,643,0
D.C Machine_4722-92,03-07-2024,216.5271607,6.398163951,1.920008638,1475.210225,63.40288753,0.050428212,646,0
D.C Machine_4722-92,02-07-2024,219.2518273,7.112819058,1.977992422,1560.828886,74.74007867,1.039894434,649,0
D.C Machine_4722-92,01-07-2024,217.8242322,7.067210958,2.130866875,1483.065891,77.2717487,1.216500736,654,0
D.C Machine_4722-92,30-06-2024,229.2463186,9.243319384,1.997420144,1601.738127,69.61094693,2.107519032,655,0
D.C Machine_4722-92,29-06-2024,223.3614738,8.812674042,2.114526217,1552.708895,69.55400607,2.013984535,661,0
D.C Machine_4722-92,28-06-2024,222.0373092,8.587259379,2.034649444,1547.541685,72.60132905,1.421057649,670,0
D.C Machine_4722-92,27-06-2024,216.1504196,7.494641683,2.077416061,1527.964949,69.30143502,1.4111868,676,0
D.C Machine_4722-92,26-06-2024,222.696246,7.184208458,1.922554103,1446.81522,72.50113907,1.833846864,678,0
D.C Machine_4722-92,25-06-2024,216.6283367,7.492482398,2.010490717,1478.445183,59.78086676,0.618588349,687,0
D.C Machine_4722-92,24-06-2024,220.1591528,6.948119897,2.013391292,1528.637568,58.4956223,1.38736144,696,0
D.C Machine_4722-92,23-06-2024,216.8207696,10.49720039,1.938737426,1533.877852,61.6388862,1.61871013,701,0
D.C Machine_4722-92,22-06-2024,223.3821665,5.754678352,1.917717168,1565.359192,76.42210943,0.751051067,702,0
D.C Machine_4722-92,21-06-2024,222.8829541,8.564008535,1.850973461,1476.62795,72.58797567,1.669762107,708,0
D.C Machine_4722-92,20-06-2024,218.9585062,6.715447702,2.149613964,1456.992331,80.40238964,1.165192836,716,0
D.C Machine_4722-92,19-06-2024,221.9800336,7.895656509,1.902759711,1542.95521,68.13309078,3.235382392,718,0
D.C Machine_4722-92,18-06-2024,214.5346925,7.011998058,2.134622107,1459.518671,58.56358604,1.756196203,725,0
D.C Machine_4722-92,17-06-2024,212.543712,6.822371038,1.953250683,1543.665592,81.44553535,1.810454332,734,0
D.C Machine_4722-92,16-06-2024,222.1969585,6.859803699,1.91375067,1559.986809,69.81232944,2.428028107,743,0
D.C Machine_4722-92,15-06-2024,220.8333675,9.754986154,2.062251914,1522.807652,82.83455036,2.556968317,751,0
D.C Machine_4722-92,14-06-2024,223.1751572,7.867011578,1.936880806,1482.121048,75.97946491,0.263758196,757,0
D.C Machine_4722-92,13-06-2024,231.9157239,7.234297806,2.056845892,1502.054111,91.88618679,1.623215891,766,1
D.C Machine_4722-92,12-06-2024,224.7223974,8.555786964,1.966718824,1529.673296,67.80227014,1.090967674,768,0
D.C Machine_4722-92,11-06-2024,215.4358889,8.010349315,2.04804245,1500.509276,79.00723905,1.854829756,775,0
D.C Machine_4722-92,10-06-2024,225.5850814,8.720033759,1.903181394,1609.914817,78.91364106,1.463667479,776,0
D.C Machine_4722-92,09-06-2024,213.4204629,6.175743344,2.083135106,1450.466453,64.44873655,2.157069463,782,0
D.C Machine_4722-92,08-06-2024,217.692077,8.303603904,2.048797268,1449.866571,68.27517683,1.019540754,788,0
D.C Machine_4722-92,07-06-2024,219.658792,8.772694837,1.908034931,1451.155231,55.38261658,1.432232758,792,0
D.C Machine_4722-92,06-06-2024,228.5667136,6.338401709,2.264293572,1470.521004,54.51203863,1.408840331,797,0
D.C Machine_4722-92,05-06-2024,216.2762259,8.448195284,2.054012303,1391.053424,71.26568802,3.08259137,804,0
D.C Machine_4722-92,04-06-2024,215.8678073,9.696181573,2.229046707,1468.517479,77.93007071,2.368003659,810,0
D.C Machine_4722-92,03-06-2024,219.5077374,7.985142297,2.160026782,1467.335765,76.38024033,2.368888708,814,0
D.C Machine_4722-92,02-06-2024,216.6826086,8.821405937,1.981116522,1503.925701,73.40024598,1.713681719,823,0
D.C Machine_4722-92,01-06-2024,225.6331796,8.67057045,1.958772825,1520.890029,78.63017153,1.615282148,831,0
D.C Machine_4722-92,31-05-2024,214.6003425,7.292494302,1.959654082,1437.989183,64.10302204,2.561002888,839,0
D.C Machine_4722-92,30-05-2024,214.2626567,8.039766735,1.816997145,1545.002712,67.27467252,2.777433934,848,0
D.C Machine_4722-92,29-05-2024,217.8108998,6.433005289,1.930416488,1590.112111,77.37521513,2.015146786,857,0
D.C Machine_4722-92,28-05-2024,217.5098377,7.548696963,2.024676602,1489.585745,74.33118729,3.141647945,864,0
D.C Machine_4722-92,27-05-2024,229.6476603,8.265687975,2.152595756,1578.718562,67.89811186,3.274155028,872,0
D.C Machine_4722-92,26-05-2024,224.747104,8.723100494,1.922722812,1509.949475,83.20794386,0.335301961,881,0
D.C Machine_4722-92,25-05-2024,220.4377562,8.024612125,2.08820566,1599.436596,57.07998749,2.430378885,884,0
D.C Machine_4722-92,24-05-2024,213.8728224,8.71998373,1.874740666,1555.864173,64.81321313,1.957398072,888,0
D.C Machine_4722-92,23-05-2024,224.2218149,6.897093787,1.941367997,1421.804768,67.16602226,2.388288814,893,0
D.C Machine_4722-92,22-05-2024,214.9989233,7.898302725,1.954235941,1500.931369,78.1653488,3.115976528,898,0
D.C Machine_4722-92,21-05-2024,212.2761445,8.019279385,2.037181108,1552.716249,70.02385198,1.079461837,903,0
D.C Machine_4722-92,20-05-2024,225.940149,9.849591247,2.045730965,1501.527329,57.38508253,0.379725898,908,0
D.C Machine_4722-92,19-05-2024,221.5847131,7.785833344,2.096234174,1498.155823,75.1400418,3.106191473,910,0
D.C Machine_4722-92,18-05-2024,224.6042941,7.500983362,2.077083696,1563.488238,80.87546315,1.001515355,913,0
D.C Machine_4722-92,17-05-2024,221.5936383,8.021351224,2.024316822,1464.507291,77.39304533,1.313780486,919,0
D.C Machine_4722-92,16-05-2024,224.2841531,7.080886555,2.039036494,1500.875781,76.19154922,2.204620893,926,0
D.C Machine_4722-92,15-05-2024,216.744872,8.192753849,2.158853069,1516.181288,51.25686503,1.313898179,933,0
D.C Machine_4722-92,14-05-2024,214.8287858,7.634944783,1.948907382,1483.310452,61.00113523,0.407789372,936,0
D.C Machine_4722-92,13-05-2024,223.4079726,6.208672452,2.077472832,1498.993545,74.82080609,2.034189767,942,0
D.C Machine_4722-92,12-05-2024,215.9829517,7.941413449,1.819185607,1538.751163,69.45111815,1.218515341,943,0
D.C Machine_4722-92,11-05-2024,216.5522511,7.682456906,2.041133424,1521.641881,75.22557602,2.597859878,945,0
D.C Machine_4722-92,10-05-2024,217.7223375,6.367576698,1.951675046,1459.564123,57.33657323,1.493923444,947,0
D.C Machine_4722-92,09-05-2024,220.0873958,7.932865845,2.000257118,1444.793801,69.38505236,1.311553861,949,0
D.C Machine_4722-92,08-05-2024,218.2300304,9.489355962,2.104008625,1460.544891,56.10218981,1.789999461,958,0
D.C Machine_4722-92,07-05-2024,213.1252435,8.521303748,2.016464381,1500.062423,50.46321437,3.052153477,962,0
D.C Machine_4722-92,06-05-2024,216.781908,8.611927193,2.088518754,1492.003011,72.95779089,2.907904082,966,0
D.C Machine_4722-92,05-05-2024,208.8829842,6.658503274,2.147376482,1458.402125,78.42588796,0.906773818,969,0
D.C Machine_4722-92,04-05-2024,223.1261573,8.476898369,2.038909397,1470.092477,72.45616428,4.799707649,973,1
D.C Machine_4722-92,03-05-2024,211.9897117,8.148449581,2.117104106,1423.998036,69.6700352,1.674223675,977,0
D.C Machine_4722-92,02-05-2024,214.4780833,8.529045238,1.967343902,1520.892685,54.37985658,0.847584271,978,0
D.C Machine_4722-92,01-05-2024,220.2608254,8.422628622,1.999179012,1497.999064,80.06107067,2.88823199,987,0
D.C Machine_4722-92,30-04-2024,216.302185,6.640219274,1.947738058,1437.010633,69.55955103,1.638327543,992,0
D.C Machine_4722-92,29-04-2024,227.715073,7.958599188,2.104297759,1501.431025,89.59562005,4.153719508,1001,1
D.C Machine_4722-92,28-04-2024,213.5357155,7.24212914,2.041409135,1567.131101,79.42314308,2.847408355,1002,0
D.C Machine_4722-92,27-04-2024,221.3352543,7.949915906,1.949276554,1463.003207,49.94874573,1.801280154,1006,0
D.C Machine_4722-92,26-04-2024,219.8035859,7.102599073,2.015466883,1565.756883,77.5504968,3.575306878,1007,0
D.C Machine_4722-92,25-04-2024,214.1595325,9.312470367,2.104156839,1483.827126,56.03464762,2.849115211,1016,0
D.C Machine_4722-92,24-04-2024,222.6163833,7.141027612,1.996073201,1509.891408,62.4050451,0.771104803,1020,0
D.C Machine_4722-92,23-04-2024,219.1422683,7.101057844,1.905106719,1504.88754,67.49243323,2.88839411,1021,0
D.C Machine_4722-92,22-04-2024,223.8589528,8.074586407,2.013191176,1570.076171,69.0593755,1.483512558,1030,0
D.C Machine_4722-92,21-04-2024,224.1175208,6.922900931,1.801943441,1507.921692,73.97565216,1.916673715,1032,0
D.C Machine_4722-92,20-04-2024,230.8161797,7.575336698,2.076877064,1442.904929,59.77144959,2.131054449,1039,0
D.C Machine_4722-92,19-04-2024,226.6826397,7.170035402,1.957867241,1434.451481,58.49307996,1.120903988,1040,0
D.C Machine_4722-92,18-04-2024,218.1540908,9.411172064,1.953068926,1423.353947,76.00605202,0.666657721,1047,0
D.C Machine_4722-92,17-04-2024,218.8031041,8.785803827,2.087569568,1414.401492,69.86749732,2.367784011,1053,0
D.C Machine_4722-92,16-04-2024,225.498298,7.942530482,1.863483712,1502.306753,71.74373049,0.611766501,1056,0
D.C Machine_4722-92,15-04-2024,223.2763187,7.608782948,2.194709864,1452.081276,48.06316648,-0.575202627,1060,0
D.C Machine_4722-92,14-04-2024,223.2006576,8.940917615,1.951975796,1495.959419,68.22862617,1.163894396,1066,0
D.C Machine_4722-92,13-04-2024,211.9152198,8.40520408,1.947674906,1464.807048,61.09270817,2.331092421,1070,0
D.C Machine_4722-92,12-04-2024,219.8783694,8.498052405,2.102122474,1461.460785,60.79373627,1.730118866,1078,0
D.C Machine_4722-92,11-04-2024,216.3098455,7.973807763,2.070869527,1475.957733,79.21934804,3.267130941,1085,0
D.C Machine_4722-92,10-04-2024,221.399623,6.311769972,2.245122972,1535.179278,59.04328771,2.183753495,1086,0
D.C Machine_4722-92,09-04-2024,219.5092481,7.887534017,1.978879402,1546.457257,59.07103394,1.233690348,1091,0
D.C Machine_4722-92,08-04-2024,224.5508945,7.467510081,1.987959336,1518.558628,66.68989397,1.56041645,1100,0
D.C Machine_4722-92,07-04-2024,221.5860911,8.645055273,1.852068402,1450.508873,74.50288831,0.563458641,1105,0
D.C Machine_4722-92,06-04-2024,223.9316398,9.011842433,1.966789772,1532.181564,61.1598527,3.085797225,1108,0
D.C Machine_4722-92,05-04-2024,217.6679045,7.342048955,1.92785687,1534.444833,82.34144036,0.618899914,1111,0
D.C Machine_4722-92,04-04-2024,215.2777687,8.468385234,1.955123299,1513.73236,84.49847525,1.079592368,1120,0
D.C Machine_4722-92,03-04-2024,217.9497515,9.735878998,1.825581224,1469.818978,61.18552934,1.83971378,1124,0
D.C Machine_4722-92,02-04-2024,219.9148979,7.332287279,2.166060756,1535.442979,67.54918244,2.002353264,1129,0
D.C Machine_4722-92,01-04-2024,221.8957587,9.68192174,1.858339652,1521.140929,62.21324527,0.497349636,1133,0
D.C Machine_4722-92,31-03-2024,231.2965448,7.147414153,1.71977972,1344.15717,53.14617895,1.094464205,1138,0
D.C Machine_4722-92,30-03-2024,219.7887142,8.022959756,1.881157558,1532.222602,73.0301105,2.265040602,1141,0
D.C Machine_4722-92,29-03-2024,215.220275,7.988854388,1.939616045,1404.312866,77.33594868,3.129723359,1150,0
D.C Machine_4722-92,28-03-2024,218.2700911,8.0114989,1.885044594,1533.178079,90.11864263,2.349003562,1152,1
D.C Machine_4722-92,27-03-2024,217.6820201,7.162321958,2.109830354,1492.29638,61.02590496,1.974190238,1153,0
D.C Machine_4722-92,26-03-2024,222.4074074,7.408816896,1.986216082,1559.680584,83.36235091,0.437591266,1157,0
D.C Machine_4722-92,25-03-2024,212.2960149,7.332279714,2.00253856,1495.091939,83.42353691,1.382657653,1166,0
D.C Machine_4722-92,24-03-2024,220.31631,8.326962595,2.061039176,1455.669287,71.9785331,2.521494241,1170,0
D.C Machine_4722-92,23-03-2024,220.7825327,8.330035115,2.028601253,1492.632317,76.0216349,3.08094667,1175,0
D.C Machine_4722-92,22-03-2024,221.1609052,10.22594433,2.09785673,1552.990315,78.73273048,2.889375908,1184,0
D.C Machine_4722-92,21-03-2024,217.0134197,9.370989006,1.889052245,1501.312331,89.74099948,2.138071644,1189,1
D.C Machine_4722-92,20-03-2024,218.8103914,7.490156758,1.94524819,1494.283242,74.77808563,3.204600467,1191,0
D.C Machine_4722-92,19-03-2024,212.8796955,8.324869616,2.066596715,1537.177676,69.39862114,4.881460713,1197,1
D.C Machine_4722-92,18-03-2024,217.5334006,8.997117981,1.746544554,1510.517968,61.33831201,1.406138085,1202,0
D.C Machine_4722-92,17-03-2024,217.2856926,8.030601824,1.862481552,1499.70363,73.05320755,1.236884205,1208,0
D.C Machine_4722-92,16-03-2024,222.0802502,7.930358422,2.050099223,1568.303003,80.24164933,3.518482926,1217,0
D.C Machine_4722-92,15-03-2024,214.2190878,8.051574943,1.951975097,1577.755702,72.44610361,2.235464525,1225,0
D.C Machine_4722-92,14-03-2024,223.9059905,8.867276629,2.093610755,1530.666311,62.20076751,2.112307688,1226,0
D.C Machine_4722-92,13-03-2024,227.4724227,7.151679477,2.08091803,1485.702042,70.89076202,2.392374328,1233,0
D.C Machine_4722-92,12-03-2024,209.6500749,7.674330531,1.880190712,1574.84555,68.70846518,1.345513495,1235,0
D.C Machine_4722-92,11-03-2024,222.1312937,8.470433145,2.040665709,1559.155978,72.64738758,0.965204715,1237,0
D.C Machine_4722-92,10-03-2024,223.3845402,8.311447072,2.120169786,1535.944858,53.38151633,1.22285249,1242,0
D.C Machine_4722-92,09-03-2024,216.8128149,8.23958276,2.01474344,1439.196171,75.50788614,3.245946257,1248,0
D.C Machine_4722-92,08-03-2024,218.0136409,7.630198834,1.902253512,1507.033595,75.95423157,0.563359335,1250,0
D.C Machine_4722-92,07-03-2024,219.3355971,8.972535789,2.087938994,1462.816391,74.44853438,2.498654646,1256,0
D.C Machine_4722-92,06-03-2024,218.5110456,10.13386825,2.063542453,1492.049387,69.96237183,1.44231254,1262,0
D.C Machine_4722-92,05-03-2024,218.4549352,8.406415494,2.054261078,1512.002846,51.94063737,1.646633111,1266,0
D.C Machine_4722-92,04-03-2024,211.619981,7.806823298,2.071593889,1505.00797,69.80677208,2.742950977,1274,0
D.C Machine_4722-92,03-03-2024,225.7616578,8.755740289,1.700538714,1476.241245,80.60714999,2.843988913,1276,0
D.C Machine_4722-92,02-03-2024,225.398093,7.460867363,2.088093756,1563.647687,61.39871124,2.342976538,1284,0
D.C Machine_4722-92,01-03-2024,215.9331787,7.250309655,2.180813181,1415.193437,50.10730534,0.126880338,1285,0
D.C Machine_4722-92,29-02-2024,212.6678784,8.032808748,2.043663847,1536.509177,54.59442028,3.570964709,1292,0
D.C Machine_4722-92,28-02-2024,222.6053244,5.417203367,2.0192729,1407.125836,73.14025692,3.310196517,1299,0
D.C Machine_4722-92,27-02-2024,217.1210602,6.846049636,2.069643867,1519.129907,73.72876009,2.091436833,1305,0
D.C Machine_4722-92,26-02-2024,220.7097658,7.652038144,2.033822547,1455.654784,78.86293195,2.010257817,1309,0
D.C Machine_4722-92,25-02-2024,218.4033579,6.646611142,2.065178126,1543.915188,69.44741004,3.801449209,1310,0
D.C Machine_4722-92,24-02-2024,223.4576938,6.967356898,2.0001471,1504.322626,54.99671624,2.947224271,1317,0
D.C Machine_4722-92,23-02-2024,223.4737457,7.563251663,1.923329515,1512.385319,61.81495859,1.970705596,1322,0
D.C Machine_4722-92,22-02-2024,216.3720131,6.357034706,1.899567729,1449.086034,78.18839373,1.707661324,1330,0
D.C Machine_4722-92,21-02-2024,213.0831802,7.593928204,1.900180827,1467.271493,71.40495907,1.806462889,1336,0
D.C Machine_4722-92,20-02-2024,212.085308,7.464729835,1.862695745,1510.36087,76.49829635,3.177232054,1341,0
D.C Machine_4722-92,19-02-2024,223.0518969,8.025405208,1.893225799,1529.178496,74.34788805,3.039991785,1350,0
D.C Machine_4722-92,18-02-2024,214.0557037,9.15418403,2.176126613,1646.454812,67.95039448,0.386576989,1354,0
D.C Machine_4722-92,17-02-2024,217.4659182,8.172504416,2.075409566,1511.142916,68.25993162,2.464642399,1362,0
D.C Machine_4722-92,16-02-2024,217.0184298,8.021062021,1.937497261,1548.801876,88.5710227,2.864121331,1370,1
D.C Machine_4722-92,15-02-2024,219.7371635,8.099454457,1.960960731,1422.153303,74.14674267,0.493536834,1379,0
D.C Machine_4722-92,14-02-2024,210.318601,8.227392775,2.011255753,1433.505407,68.7141245,1.997035249,1383,0
D.C Machine_4722-92,13-02-2024,220.943893,6.983261351,1.934445497,1482.225261,74.55419991,0.222956394,1385,0
D.C Machine_4722-92,12-02-2024,222.6194551,7.885224675,2.006751686,1440.128615,72.2290582,2.129492836,1394,0
D.C Machine_4722-92,11-02-2024,220.4421104,8.308751242,2.077760414,1574.319963,48.42643627,-0.083234502,1400,0
D.C Machine_4722-92,10-02-2024,218.4455691,6.629240017,1.996425727,1479.489065,76.50084514,1.318254476,1405,0
D.C Machine_4722-92,09-02-2024,220.4870008,8.865652923,2.033601574,1569.109094,88.20939274,1.388934086,1410,1
D.C Machine_4722-92,08-02-2024,221.9952317,9.081376034,2.088649154,1574.339124,62.19720132,1.29115018,1412,0
D.C Machine_4722-92,07-02-2024,206.1370362,7.368624012,1.972786824,1502.138986,84.54035749,3.451528017,1414,0
D.C Machine_4722-92,06-02-2024,229.7795615,7.758662209,2.02847906,1525.089988,67.43130303,2.53551057,1423,0
D.C Machine_4722-92,05-02-2024,221.9504666,7.121809657,1.969062241,1497.195026,72.93471398,1.60043114,1432,0
D.C Machine_4722-92,04-02-2024,216.7379571,8.699380484,1.997147113,1526.92185,80.70360017,1.066922159,1436,0
D.C Machine_4722-92,03-02-2024,218.0452331,6.938777713,1.967526973,1524.167093,62.79998569,1.761223683,1439,0
D.C Machine_4722-92,02-02-2024,222.4687089,7.77752299,1.947113015,1493.817519,82.42493913,0.970887032,1446,0
D.C Machine_4722-92,01-02-2024,219.4194803,7.141080092,2.017371185,1525.248499,57.85782719,2.973080004,1450,0
D.C Machine_4722-92,31-01-2024,209.8465777,8.050954277,2.056654532,1586.184814,61.24845251,3.996766002,1451,0
D.C Machine_4722-92,30-01-2024,230.3224643,6.205770729,2.014630445,1535.650811,64.06479683,3.053199898,1452,0
D.C Machine_4722-92,29-01-2024,219.4472967,9.326461642,2.049872696,1516.289981,76.62005366,2.331690346,1458,0
D.C Machine_4722-92,28-01-2024,225.1008636,7.035393576,1.926206822,1506.238476,66.59125589,1.834371217,1467,0
D.C Machine_4722-92,27-01-2024,216.5397508,8.059894683,1.879626481,1449.366344,54.8002554,1.594893711,1475,0
D.C Machine_4722-92,26-01-2024,227.6818853,7.787476955,2.04170435,1448.635156,67.83467128,3.745284573,1481,0
D.C Machine_4722-92,25-01-2024,221.4317184,7.237885488,2.068788139,1516.167827,62.15778617,1.424064392,1490,0
D.C Machine_4722-92,24-01-2024,223.0442192,7.112219863,2.004985727,1431.530444,77.31293621,3.561098557,1491,0
D.C Machine_4722-92,23-01-2024,214.7737332,8.936398544,2.134803578,1461.68362,66.56764946,0.868460758,1493,0
D.C Machine_4722-92,22-01-2024,226.0557264,7.474359407,2.09076988,1564.075567,70.70774076,1.703768346,1496,0
D.C Machine_4722-92,21-01-2024,223.4490908,8.271170185,2.268057084,1595.711485,65.94527543,0.285943407,1497,0
D.C Machine_4722-92,20-01-2024,226.5092311,7.198503115,1.979919149,1416.702196,74.33938968,2.159234201,1506,0
D.C Machine_4722-92,19-01-2024,216.8595622,7.352818568,1.90011512,1581.332478,68.16409237,0.736272378,1509,0
D.C Machine_4722-92,18-01-2024,217.5948644,8.47224715,1.925986321,1489.428085,73.25198715,3.665049407,1518,0
D.C Machine_4722-92,17-01-2024,231.5195835,8.930408496,1.943450219,1499.249746,44.06611435,2.412272272,1519,0
D.C Machine_4722-92,16-01-2024,214.6999209,7.824683598,2.047603138,1494.329418,70.97250877,2.537396747,1526,0
D.C Machine_4722-92,15-01-2024,219.3202515,6.578080128,1.784193144,1554.027206,74.1391367,2.282678449,1533,0
D.C Machine_4722-92,14-01-2024,225.6844568,9.99795608,2.131855102,1419.616171,68.00719945,0.907459186,1540,0
D.C Machine_4722-92,13-01-2024,220.4886248,7.143450692,1.976070341,1522.808181,76.69392471,2.124118288,1544,0
D.C Machine_4722-92,12-01-2024,222.9147684,6.4584126,1.975320644,1452.75649,77.38607029,3.837080688,1549,0
D.C Machine_4722-92,11-01-2024,218.0027549,10.59442459,1.892065683,1528.539426,83.04213892,2.008554926,1553,0
D.C Machine_4722-92,10-01-2024,221.8502794,7.595967706,1.988577445,1577.139817,71.04811608,0.982983798,1554,0
D.C Machine_4722-92,09-01-2024,213.4673657,6.538267312,2.001323977,1499.979134,50.86199295,0.147657343,1558,0
D.C Machine_4722-92,08-01-2024,228.2906534,7.316560233,1.987805507,1518.707754,47.14500551,1.28667301,1565,0
D.C Machine_4722-92,07-01-2024,219.4091798,8.367544896,2.033905926,1520.477589,53.98159048,0.237771102,1572,0
D.C Machine_4722-92,06-01-2024,216.599109,8.190311558,1.941036796,1460.020325,69.62092939,2.830517369,1579,0
D.C Machine_4722-92,05-01-2024,223.3319154,7.148270803,1.910418424,1575.581967,68.42694712,2.781167266,1585,0
D.C Machine_4722-92,04-01-2024,217.6964011,9.8227236,2.054832813,1585.323412,72.76239852,1.124318173,1586,0
D.C Machine_4722-92,03-01-2024,213.3287076,7.478420322,2.009866745,1535.089169,63.74754077,2.613981308,1588,0
D.C Machine_4722-92,02-01-2024,213.2664125,6.81531341,2.019718106,1503.664272,62.63508828,1.423545347,1593,0
D.C Machine_4722-92,01-01-2024,223.4688658,8.960693398,2.105902725,1476.905309,75.55047942,1.954385717,1601,0
D.C Machine_4722-92,31-12-2023,219.2021328,9.329062847,1.897743561,1468.675489,76.55924411,2.371955552,1604,0
D.C Machine_4722-92,30-12-2023,219.3314922,7.182506902,1.914475954,1585.541829,67.43349865,1.556039991,1611,0
D.C Machine_4722-92,29-12-2023,225.388719,6.598652707,2.125721965,1570.720752,69.61523342,2.418203349,1612,0
D.C Machine_4722-92,28-12-2023,214.365871,9.030438267,1.851711664,1496.816926,74.04314343,0.31427195,1614,0
D.C Machine_4722-92,27-12-2023,216.3466112,5.952676387,1.869058785,1421.003474,75.04343575,2.117474988,1616,0
D.C Machine_4722-92,26-12-2023,218.075601,6.773378341,2.081786183,1358.399407,58.560193,1.965047978,1617,0
D.C Machine_4722-92,25-12-2023,220.4717579,8.96744615,2.023820019,1445.828667,62.80426144,-0.046393136,1619,0
D.C Machine_4722-92,24-12-2023,219.7891427,7.944647452,2.010523214,1493.46898,57.69453954,0.190309807,1625,0
D.C Machine_4722-92,23-12-2023,218.565564,7.736062651,1.990834059,1570.034452,64.93093385,0.140476394,1626,0
D.C Machine_4722-92,22-12-2023,219.691868,8.352816606,2.003126755,1467.41719,78.12333589,2.414306834,1633,0
D.C Machine_4722-92,21-12-2023,219.4634736,7.847225576,1.990788789,1525.240773,75.46271867,2.123959627,1635,0
D.C Machine_4722-92,20-12-2023,216.4019781,6.701313278,2.13554427,1565.159048,59.0190204,2.273957577,1636,0
D.C Machine_4722-92,19-12-2023,215.9350351,9.276075346,1.960185187,1506.426816,75.12266727,0.673621507,1642,0
D.C Machine_4722-92,18-12-2023,221.3725818,9.325014053,1.983862646,1492.877607,70.85843105,3.138973811,1649,0
D.C Machine_4722-92,17-12-2023,215.5454246,8.205332564,2.179444881,1434.561824,65.06073293,2.98284122,1658,0
D.C Machine_4722-92,16-12-2023,214.2132237,8.045134015,2.00275097,1439.876235,55.93540345,1.233036965,1665,0
D.C Machine_4722-92,15-12-2023,218.4385387,10.33962481,2.223201639,1520.804982,68.25176628,3.176060276,1666,0
D.C Machine_4722-92,14-12-2023,219.2116649,7.723567155,1.98950203,1489.954623,76.79944006,1.749077603,1668,0
D.C Machine_4722-92,13-12-2023,231.2836175,7.740423018,2.136741498,1506.126566,48.36902352,0.223794976,1676,0
D.C Machine_4722-92,12-12-2023,216.4764986,8.364481249,1.834465596,1497.636114,66.03876802,0.367305234,1682,0
D.C Machine_4722-92,11-12-2023,224.7163036,9.471321956,2.015364446,1533.207202,92.54283699,2.733723488,1688,1
D.C Machine_4722-92,10-12-2023,223.7359417,9.592770754,1.841552644,1460.765629,76.72636719,1.895951189,1689,0
D.C Machine_4722-92,09-12-2023,214.0552752,7.741427368,2.084445431,1483.220968,72.59832495,2.881224946,1690,0
D.C Machine_4722-92,08-12-2023,223.8662649,8.308331246,1.878713218,1594.809111,62.6281483,1.911626875,1692,0
D.C Machine_4722-92,07-12-2023,214.0805968,6.621916533,2.028376955,1460.010693,63.21670162,2.267670893,1698,0
D.C Machine_4722-92,06-12-2023,206.7041388,7.688023892,1.971780412,1485.921228,69.16711604,4.123526423,1705,1
D.C Machine_4722-92,05-12-2023,223.0315976,7.159709605,1.884179681,1470.530665,86.02863629,3.396849088,1710,1
D.C Machine_4722-92,04-12-2023,211.2205471,6.993168248,1.838064002,1522.239068,74.65589191,1.567172731,1719,0
D.C Machine_4722-92,03-12-2023,222.2546723,9.681576716,1.948895954,1551.119616,61.27841602,2.374968725,1725,0
D.C Machine_4722-92,02-12-2023,216.5799455,7.207713338,2.174062945,1475.089419,81.76786962,2.494445443,1731,0
D.C Machine_4722-92,01-12-2023,228.297754,7.468394092,1.970651495,1478.429283,67.07405793,2.761391167,1740,0
D.C Machine_4722-92,30-11-2023,225.342547,8.365848788,2.091722154,1486.05092,86.97346481,2.071008805,1742,1
D.C Machine_4722-92,29-11-2023,217.733071,9.297825267,1.994295713,1526.491689,64.33396975,1.50646815,1745,0
D.C Machine_4722-92,28-11-2023,216.5608119,8.481115126,2.087672677,1463.030235,59.96734243,1.996377183,1754,0
D.C Machine_4722-92,27-11-2023,213.929613,10.75935511,1.817308862,1481.202002,71.74629578,1.519712891,1760,0
D.C Machine_4722-92,26-11-2023,217.7953868,7.925332022,1.959681169,1381.390306,79.82326984,3.683367281,1767,0
D.C Machine_4722-92,25-11-2023,218.5982225,8.25871644,2.094940552,1430.91275,80.37444797,3.240726239,1775,0
D.C Machine_4722-92,24-11-2023,218.1765323,8.275600674,1.983674505,1494.377812,71.59191767,1.796384981,1778,0
D.C Machine_4722-92,23-11-2023,220.7835193,9.435049387,1.991354472,1544.893209,60.11903312,2.428292261,1783,0
D.C Machine_4722-92,22-11-2023,222.8926075,8.507238951,1.956953809,1514.753789,64.94659278,1.834540736,1790,0
D.C Machine_4722-92,21-11-2023,221.7482723,7.8837703,2.114937938,1445.061577,49.81718132,3.193241136,1791,0
D.C Machine_4722-92,20-11-2023,216.1792804,7.052511405,2.029751435,1429.98719,60.86878462,3.048880516,1795,0
D.C Machine_4722-92,19-11-2023,212.8110426,8.244443456,2.004402228,1508.734005,68.21543185,2.568610833,1799,0
D.C Machine_4722-92,18-11-2023,226.8226592,9.401344831,2.064305455,1417.359818,73.89002141,2.87126427,1806,0
D.C Machine_4722-92,17-11-2023,216.5527541,7.589618206,2.058822493,1553.296341,66.60545679,2.660570808,1810,0
D.C Machine_4722-92,16-11-2023,216.738532,8.528943618,2.021258705,1503.19481,69.43020945,3.174061854,1812,0
D.C Machine_4722-92,15-11-2023,217.3940534,8.246147789,2.15470315,1419.633992,66.03814555,2.531131373,1820,0
D.C Machine_4722-92,14-11-2023,210.7846522,8.863519658,1.993971247,1451.702307,77.51025304,2.151900529,1824,0
D.C Machine_4722-92,13-11-2023,217.61013,7.195246259,2.027808105,1463.784434,61.00887062,1.422774376,1828,0
D.C Machine_4722-92,12-11-2023,217.6017209,10.34664703,1.935704745,1461.340374,78.37547914,0.428249263,1832,0
D.C Machine_4722-92,11-11-2023,223.1017915,6.720838893,2.015011523,1425.50335,89.60880813,1.972151619,1834,1
D.C Machine_4722-92,10-11-2023,223.4922857,7.63444891,2.158776152,1456.266874,74.72789656,1.258944467,1836,0
D.C Machine_4722-92,09-11-2023,220.0188544,8.938092541,1.93567424,1465.779922,64.7290839,2.060009067,1837,0
D.C Machine_4722-92,08-11-2023,224.6592419,8.296733172,1.886640717,1464.435712,64.63729856,3.140488424,1844,0
D.C Machine_4722-92,07-11-2023,221.6998249,8.829986159,2.099675964,1556.397831,82.09837222,2.172824675,1853,0
D.C Machine_4722-92,06-11-2023,219.9215894,7.503897666,1.985123385,1505.24139,58.73410574,1.584998329,1862,0
D.C Machine_4722-92,05-11-2023,220.8046408,7.925195017,2.00960042,1450.337139,60.4619558,1.146871375,1864,0
D.C Machine_4722-92,04-11-2023,219.0467325,8.012231984,1.99548867,1483.26892,58.35551546,0.569864793,1873,0
D.C Machine_4722-92,03-11-2023,218.0257524,9.569259615,2.007912172,1456.022145,57.21486159,3.332805335,1878,0
D.C Machine_4722-92,02-11-2023,218.6613323,8.690429024,2.085053068,1484.999667,59.55183681,0.223308981,1882,0
D.C Machine_4722-92,01-11-2023,214.3599433,8.796672108,1.916087581,1543.775458,77.89904942,1.065216974,1887,0
D.C Machine_4722-92,31-10-2023,221.4022085,7.342073907,1.898822592,1512.613539,81.02282565,-0.313201934,1896,0
D.C Machine_4722-92,30-10-2023,215.0343819,8.968882639,2.008496814,1614.280059,63.02926928,1.683858424,1900,0
D.C Machine_4722-92,29-10-2023,224.2081563,8.225581664,1.839356031,1518.796371,72.07334046,1.65771544,1901,0
D.C Machine_4722-92,28-10-2023,218.7527071,9.389145316,1.862694646,1454.320275,77.59156675,1.595705579,1909,0
D.C Machine_4722-92,27-10-2023,220.2474749,10.01406015,2.186668315,1540.487037,71.00564203,1.9368701,1911,0
D.C Machine_4722-92,26-10-2023,222.4691839,7.693234224,2.075746833,1553.996561,60.45057242,1.178734926,1912,0
D.C Machine_4722-92,25-10-2023,223.2165723,7.59369687,1.998994353,1554.70835,55.29598265,1.08634436,1921,0
D.C Machine_4722-92,24-10-2023,212.146883,7.135955009,2.123800694,1445.287952,80.10427553,3.817826413,1923,0
D.C Machine_4722-92,23-10-2023,218.9654816,7.856420488,1.895940077,1492.618129,74.96179412,1.665937052,1929,0
D.C Machine_4722-92,22-10-2023,224.4008946,7.617974551,1.968439688,1556.590598,75.76955893,2.907658625,1933,0
D.C Machine_4722-92,21-10-2023,211.5094709,8.3595044,2.062345361,1415.763552,58.92353099,1.163228957,1934,0
D.C Machine_4722-92,20-10-2023,221.9364024,7.855433183,2.089067168,1475.029162,72.34977193,3.612728595,1938,0
D.C Machine_4722-92,19-10-2023,208.7221789,7.638400719,2.051291685,1428.653116,76.28999587,3.514182131,1944,0
D.C Machine_4722-92,18-10-2023,214.8874658,9.064585136,1.745876119,1453.371489,73.14033844,2.231018682,1950,0
D.C Machine_4722-92,17-10-2023,220.1931528,7.062119769,1.903191788,1449.377142,62.54976783,0.900468407,1952,0
D.C Machine_4722-92,16-10-2023,211.7164245,8.433107953,2.047706809,1562.528492,80.1226051,2.087001386,1956,0
D.C Machine_4722-92,15-10-2023,215.0724463,7.594058273,1.964404851,1488.273098,54.72368052,2.0473045,1962,0
D.C Machine_4722-92,14-10-2023,212.640825,8.724368505,2.254023162,1456.832221,79.28741925,2.239623914,1964,0
D.C Machine_4722-92,13-10-2023,228.2406747,9.385261547,2.09265583,1448.219713,80.81055944,1.021779384,1965,0
D.C Machine_4722-92,12-10-2023,220.8211388,7.696901747,2.055808188,1507.083358,85.72330318,0.476999864,1969,1
D.C Machine_4722-92,11-10-2023,222.8364514,8.441032907,1.888305045,1499.443219,66.5750781,2.162363037,1974,0
D.C Machine_4722-92,10-10-2023,218.8866245,8.178792866,1.996470326,1567.203719,60.00569983,1.989708684,1980,0
D.C Machine_4722-92,09-10-2023,218.2328413,7.2005776,2.024120396,1525.000835,77.93880362,2.002075022,1987,0
D.C Machine_4722-92,08-10-2023,211.9176291,8.24078751,2.112778363,1428.410111,63.00784721,3.026800579,1993,0
D.C Machine_4722-92,07-10-2023,218.5408132,8.289120505,2.08811311,1468.550965,70.43995511,0.524839517,1997,0
D.C Machine_4722-92,06-10-2023,216.1925389,8.41287082,2.103298919,1553.503626,66.82537783,3.010693716,1999,0
D.C Machine_4722-92,05-10-2023,224.2896196,7.801601103,1.907608798,1468.945865,60.97928029,1.25677246,2002,0
D.C Machine_4722-92,04-10-2023,225.7055093,8.0941923,2.14121517,1586.728609,73.20999466,1.604777934,2007,0
D.C Machine_4722-92,03-10-2023,227.3328936,6.852389055,1.861956925,1445.085528,56.07984083,1.174220637,2008,0
D.C Machine_4722-92,02-10-2023,224.2627597,7.641885925,1.946408544,1528.630668,75.92205682,2.089619858,2010,0
D.C Machine_4722-92,01-10-2023,217.0067303,8.55596268,2.043077113,1456.939222,60.33068912,0.094182125,2016,0
D.C Machine_4722-92,30-09-2023,214.4205151,8.892473887,1.985010841,1474.520243,52.68268654,1.43191428,2019,0
D.C Machine_4722-92,29-09-2023,223.8333159,7.577685176,1.899396314,1554.929082,69.49892541,1.484243455,2021,0
D.C Machine_4722-92,28-09-2023,221.7814641,8.104714029,1.917845017,1493.646642,74.31633853,3.263930202,2030,0
D.C Machine_4722-92,27-09-2023,211.1573077,8.228053325,1.845174568,1540.672612,75.76934597,2.150698144,2034,0
D.C Machine_4722-92,26-09-2023,221.777409,8.201479947,2.053197464,1523.66453,78.18353731,2.695518311,2038,0
D.C Machine_4722-92,25-09-2023,224.0725991,8.540773585,2.126056885,1537.693284,46.463596,2.005938814,2046,0
D.C Machine_4722-92,24-09-2023,220.2946279,6.18192237,1.98996065,1455.590589,59.94855569,0.951099629,2051,0
D.C Machine_4722-92,23-09-2023,219.0747316,7.95067593,1.959965118,1488.92128,71.06652295,2.907204868,2057,0
D.C Machine_4722-92,22-09-2023,215.9617576,8.239033601,1.852767707,1521.212631,85.1900328,1.154558658,2064,1
D.C Machine_4722-92,21-09-2023,212.7673265,6.999669651,2.091320192,1457.546356,77.83744494,1.473756659,2067,0
D.C Machine_4722-92,20-09-2023,224.0014897,9.673985707,2.221130433,1581.475002,89.01340052,2.182099779,2075,1
D.C Machine_4722-92,19-09-2023,218.4544278,8.161559267,1.82025442,1461.138598,64.75060577,2.945538789,2078,0
D.C Machine_4722-92,18-09-2023,218.8326667,9.563404745,1.893656706,1484.999821,72.74416995,1.798615457,2085,0
D.C Machine_4722-92,17-09-2023,228.6636059,7.209476978,1.932040696,1449.672047,59.00029192,3.510524732,2088,0
D.C Machine_4722-92,16-09-2023,223.4225055,7.092699878,1.943568209,1392.834597,65.9564778,1.428521585,2089,0
D.C Machine_4722-92,15-09-2023,221.854125,8.224252221,2.022734595,1589.845926,62.64704282,2.665589287,2094,0
D.C Machine_4722-92,14-09-2023,220.710309,6.321311637,2.161424955,1489.783053,63.66011341,2.003616301,2102,0
D.C Machine_4722-92,13-09-2023,227.5999743,8.214965591,2.100859729,1477.604258,66.06550879,3.546671838,2104,0
D.C Machine_4722-92,12-09-2023,228.5979465,8.097219232,2.052759738,1490.064247,70.0271754,2.214406013,2111,0
D.C Machine_4722-92,11-09-2023,224.6475256,9.015665282,1.92760713,1570.993199,70.22212665,0.122687182,2115,0
D.C Machine_4722-92,10-09-2023,222.911123,8.701041341,1.888037177,1451.74467,75.4345344,3.08833521,2122,0
D.C Machine_4722-92,09-09-2023,209.5269846,7.58252265,1.920322469,1533.978393,71.39988467,1.918451487,2123,0
D.C Machine_4722-92,08-09-2023,220.6186096,6.902503345,2.15480668,1478.810588,66.55954371,1.446938089,2125,0
D.C Machine_4722-92,07-09-2023,219.3494652,9.712305221,1.99382567,1470.166457,64.77421458,3.222964762,2131,0
D.C Machine_4722-92,06-09-2023,220.4697661,7.207884979,1.955316375,1528.352911,66.9286828,1.668691364,2139,0
D.C Machine_4722-92,05-09-2023,224.7152304,6.954475443,1.981624427,1549.412029,65.50962859,2.599986743,2144,0
D.C Machine_4722-92,04-09-2023,206.3016142,6.915143941,2.082461822,1474.304852,74.90971055,1.231616681,2146,0
D.C Machine_4722-92,03-09-2023,217.1534397,9.117305316,1.868715033,1461.557542,78.65525191,1.163869873,2155,0
D.C Machine_4722-92,02-09-2023,221.3495218,7.481099796,2.141487414,1441.545213,82.74044538,3.810581761,2158,0
D.C Machine_4722-92,01-09-2023,217.6657723,7.246295534,2.015647626,1555.175188,62.0229724,1.212967263,2163,0
D.C Machine_4722-92,31-08-2023,212.9154694,8.137689826,1.978365602,1471.2372,74.69372225,1.415229064,2165,0
D.C Machine_4722-92,30-08-2023,224.3448174,7.793055289,2.044284611,1407.543464,56.05320358,0.291679208,2174,0
D.C Machine_4722-92,29-08-2023,221.3843595,7.321904539,2.021839707,1570.497607,73.73174718,3.629982244,2175,0
D.C Machine_4722-92,28-08-2023,215.1444771,8.753991467,1.965580354,1431.507025,80.82672282,2.397998323,2179,0
D.C Machine_4722-92,27-08-2023,221.574086,9.065315492,1.974728933,1538.973027,68.50410498,2.237779633,2182,0
D.C Machine_4722-92,26-08-2023,224.1079286,8.985317509,1.913113745,1509.171432,80.72636047,2.975138411,2185,0
D.C Machine_4722-92,25-08-2023,220.0264632,8.76691967,2.065639075,1514.395772,58.6143213,0.670663431,2187,0
D.C Machine_4722-92,24-08-2023,224.002824,8.402625531,1.946800619,1470.781236,61.11354717,1.458953218,2192,0
D.C Machine_4722-92,23-08-2023,220.3913009,6.224112,1.904374158,1518.279573,68.64190157,1.908562269,2200,0
D.C Machine_4722-92,22-08-2023,218.0238551,9.669250806,2.016586352,1416.611005,80.22210355,0.451528949,2208,0
D.C Machine_4722-92,21-08-2023,214.2028974,8.30198921,2.132914128,1529.401887,65.82570544,3.311427126,2215,0
D.C Machine_4722-92,20-08-2023,219.5703462,8.608156428,1.995165538,1577.850502,65.46446899,1.98157095,2222,0
D.C Machine_4722-92,19-08-2023,220.9714647,9.114962323,1.939189874,1544.20136,60.08371642,1.676711364,2226,0
D.C Machine_4722-92,18-08-2023,224.3791638,9.433352503,2.040389602,1399.022996,72.02881044,2.23622549,2235,0
D.C Machine_4722-92,17-08-2023,219.4244627,8.418398011,2.193671246,1450.78955,82.46695141,1.247417716,2236,0
D.C Machine_4722-92,16-08-2023,222.287078,8.435546159,1.854809447,1490.610254,77.00680109,2.045113004,2241,0
D.C Machine_4722-92,15-08-2023,215.1769399,7.400775723,2.038220279,1524.346865,76.96650654,5.427538547,2246,1
D.C Machine_4722-92,14-08-2023,216.0868542,8.033089751,2.020508663,1494.667366,67.93025525,2.60468203,2247,0
D.C Machine_4722-92,13-08-2023,219.4480535,7.145838739,2.11615338,1475.339281,64.36690641,3.66831106,2252,0
D.C Machine_4722-92,12-08-2023,214.7268577,7.280059468,2.099090917,1529.765015,76.77245916,1.644916878,2255,0
D.C Machine_4722-92,11-08-2023,224.1012392,7.106425598,1.981329089,1558.207588,69.68088924,1.24843101,2258,0
D.C Machine_4722-92,10-08-2023,222.3156516,7.843976109,1.831548274,1488.3853,68.26391764,2.309703589,2262,0
D.C Machine_4722-92,09-08-2023,221.3954788,9.049093188,2.080656377,1536.446493,78.98240622,0.658295057,2271,0
D.C Machine_4722-92,08-08-2023,221.6945206,11.17097477,1.916480731,1371.047463,68.02212548,-0.306957765,2278,0
D.C Machine_4722-92,07-08-2023,230.1052178,8.189499638,1.905325959,1453.124531,61.62223741,2.731592505,2281,0
D.C Machine_4722-92,06-08-2023,217.6556791,6.651586912,2.114835058,1483.937053,79.09188495,2.641338145,2289,0
D.C Machine_4722-92,05-08-2023,208.9927936,9.26498333,1.908914962,1475.571689,70.8071989,2.833851222,2291,0
D.C Machine_4722-92,04-08-2023,220.996501,7.699216124,2.140284474,1516.639911,59.62970656,2.028169873,2297,0
D.C Machine_4722-92,03-08-2023,219.7469823,7.339391406,2.033584472,1550.687527,58.87094105,3.9783727,2302,0
D.C Machine_4722-92,02-08-2023,217.4124048,8.209849478,2.03191184,1525.333451,70.95411876,1.912671813,2311,0
D.C Machine_4722-92,01-08-2023,215.1058507,6.7593754,2.030726478,1468.888726,93.37409661,1.446035259,2320,1
D.C Machine_4722-92,31-07-2023,217.8040524,8.222463164,1.836157637,1423.861595,66.07179396,-1.006498715,2324,0
D.C Machine_4722-92,30-07-2023,220.9066921,7.911624477,1.822361138,1527.848206,66.63726141,1.952834132,2331,0
D.C Machine_4722-92,29-07-2023,217.4859165,8.098377907,2.021555305,1408.091163,85.23771198,2.831877785,2337,1
D.C Machine_4722-92,28-07-2023,232.0622684,8.381416254,2.056800736,1532.651864,69.427188,2.006861199,2341,0
D.C Machine_4722-92,27-07-2023,215.1974781,8.067492257,2.008261103,1490.577546,55.51533137,3.124221734,2348,0
D.C Machine_4722-92,26-07-2023,216.0344132,8.016338084,1.917846548,1441.208251,54.27203547,4.294881166,2352,1
D.C Machine_4722-92,25-07-2023,208.5568998,8.284314519,2.00189221,1514.362866,82.26663974,1.826649792,2354,0
D.C Machine_4722-92,24-07-2023,221.2574221,8.415400626,1.991796585,1499.856195,76.66354542,3.23125356,2363,0
D.C Machine_4722-92,23-07-2023,209.9179669,6.96851754,1.90428419,1498.170135,78.26125708,0.414147425,2366,0
D.C Machine_4722-92,22-07-2023,217.3027268,6.570008741,2.101397215,1495.788835,69.42243442,3.031319104,2370,0
D.C Machine_4722-92,21-07-2023,218.6216473,7.938361948,1.826972394,1520.976205,62.73287974,2.06349048,2376,0
D.C Machine_4722-92,20-07-2023,216.4513602,6.56726451,2.058874241,1546.221701,67.82836884,1.778609502,2384,0
D.C Machine_4722-92,19-07-2023,228.6943634,8.087531471,2.038432341,1524.83076,71.36031217,1.83660108,2387,0
D.C Machine_4722-92,18-07-2023,224.971972,8.938746876,2.100971185,1550.606659,61.61688844,1.843696532,2391,0
D.C Machine_4722-92,17-07-2023,226.5956844,8.607111672,1.899468813,1497.793014,75.6144991,1.691197091,2395,0
D.C Machine_4722-92,16-07-2023,215.5879059,6.951829593,2.010140715,1580.922966,57.40403831,2.19867297,2401,0
D.C Machine_4722-92,15-07-2023,225.6429703,7.139737548,2.217116495,1528.555491,66.67241235,1.825707866,2409,0
D.C Machine_4722-92,14-07-2023,222.4800047,8.328301295,2.066207429,1472.815299,67.95992128,0.844207521,2410,0
D.C Machine_4722-92,13-07-2023,223.8570297,7.598702195,2.010058121,1445.305247,63.08980187,2.417053889,2412,0
D.C Machine_4722-92,12-07-2023,225.1471941,7.683344705,2.053916127,1510.28984,47.94494645,1.392132052,2420,0
D.C Machine_4722-92,11-07-2023,215.4561838,8.596906481,2.008617684,1434.673924,74.47869664,3.047986615,2429,0
D.C Machine_4722-92,10-07-2023,217.8784119,7.012713307,2.219089801,1451.331202,62.4424924,1.966173033,2436,0
D.C Machine_4722-92,09-07-2023,224.3129801,7.59876529,2.09836362,1511.954354,83.25707959,2.127023953,2440,0
D.C Machine_4722-92,08-07-2023,206.7219045,7.199917524,1.991438505,1469.605628,66.58017722,-0.049231913,2447,0
D.C Machine_4722-92,07-07-2023,227.5666404,6.956870502,2.025233143,1453.334188,64.58640412,0.743319872,2449,0
D.C Machine_4722-92,06-07-2023,222.7656603,7.142921811,1.9609202,1498.276248,70.91521947,2.939614394,2450,0
D.C Machine_4722-92,05-07-2023,219.7714802,8.677462169,2.120985013,1503.633895,80.53439749,1.266183274,2454,0
D.C Machine_4722-92,04-07-2023,221.1025383,8.051820389,1.859389523,1489.708299,64.36592337,1.467562341,2455,0
D.C Machine_4722-92,03-07-2023,214.8503236,7.120839371,1.839526147,1481.122654,80.14737695,1.722060033,2460,0
D.C Machine_4722-92,02-07-2023,218.2502832,7.768898392,2.145871475,1542.732136,84.40303641,3.363742593,2464,0
D.C Machine_4722-92,01-07-2023,225.5014217,6.361192693,2.215311979,1517.121368,79.90322811,2.374137998,2468,0
D.C Machine_4722-92,30-06-2023,226.4901099,7.266687192,2.046830491,1488.828694,86.26431491,3.310264603,2475,1
D.C Machine_4722-92,29-06-2023,233.4811203,10.14957453,2.011273794,1623.216097,82.92646021,1.732252202,2477,0
D.C Machine_4722-92,28-06-2023,219.6303767,7.90975615,2.065726769,1509.691587,85.14882294,2.213176264,2484,1
D.C Machine_4722-92,27-06-2023,216.7072352,8.731658927,1.935294647,1556.600257,86.04326319,0.796756545,2486,1
D.C Machine_4722-92,26-06-2023,217.4288302,7.934511625,2.017124355,1471.95095,72.0806953,3.178031235,2493,0
D.C Machine_4722-92,25-06-2023,214.9097906,8.348169235,2.003890871,1431.852953,65.707761,2.108648204,2494,0
D.C Machine_4722-92,24-06-2023,219.6107262,8.66325809,2.062656425,1460.412174,47.37756365,2.044129099,2501,0
D.C Machine_4722-92,23-06-2023,221.9136622,6.895383402,1.844200147,1486.599511,56.7726688,2.338315539,2506,0
D.C Machine_4722-92,22-06-2023,219.8287886,7.969063743,1.949296523,1475.16959,65.51717201,3.446792074,2515,0
D.C Machine_4722-92,21-06-2023,225.4817342,9.578865194,2.08449956,1566.819309,66.18264913,1.785504894,2521,0
D.C Machine_4722-92,20-06-2023,218.828921,7.20449945,1.932440617,1493.997944,68.47205537,3.663038958,2525,0
D.C Machine_4722-92,19-06-2023,218.2627467,7.433560146,1.900663862,1523.073444,59.9923951,1.148477416,2530,0
D.C Machine_4722-92,18-06-2023,217.0936576,7.692308723,2.204207215,1497.675942,54.04222389,2.422184608,2535,0
D.C Machine_4722-92,17-06-2023,211.8368274,8.269024073,2.0038118,1478.322283,68.69776834,4.009218561,2540,1
D.C Machine_4722-92,16-06-2023,212.1611614,8.524917864,1.942108186,1501.899801,68.10582071,1.510185269,2546,0
D.C Machine_4722-92,15-06-2023,214.1042103,9.267411655,1.830762956,1585.702573,61.92445958,2.245255853,2554,0
D.C Machine_4722-92,14-06-2023,226.5071404,8.499498233,2.072934635,1461.60257,62.57847838,2.877505063,2563,0
D.C Machine_4722-92,13-06-2023,224.4763014,7.937946874,2.069913615,1538.349523,60.59843408,1.862100301,2569,0
D.C Machine_4722-92,12-06-2023,226.8748203,9.25916713,1.97012404,1448.699637,66.03476261,0.499646724,2573,0
D.C Machine_4722-92,11-06-2023,213.3389417,8.704111022,1.889776981,1477.018678,61.43697173,0.944040641,2576,0
D.C Machine_4722-92,10-06-2023,210.1568766,6.504320484,1.997545058,1500.17916,82.59875332,2.580932589,2578,0
D.C Machine_4722-92,09-06-2023,216.6997184,10.52636824,1.916414393,1516.318754,72.40996732,2.89151532,2579,0
D.C Machine_4722-92,08-06-2023,220.8790948,9.769921388,1.905790641,1574.156431,60.27682082,2.784555334,2587,0
D.C Machine_4722-92,07-06-2023,222.4934514,7.831785777,1.989678725,1497.495868,67.19552219,3.146432014,2589,0
D.C Machine_4722-92,06-06-2023,225.2398608,8.377910102,1.89486096,1457.81922,58.19714394,2.071985195,2594,0
D.C Machine_4722-92,05-06-2023,221.4213984,9.32435875,2.024664896,1532.502099,80.12168295,2.208233171,2599,0
D.C Machine_4722-92,04-06-2023,228.7133439,7.827799207,2.060799251,1481.79151,83.84186725,0.481131341,2600,0
D.C Machine_4722-92,03-06-2023,218.8869716,8.73035179,1.916036755,1511.934079,82.52001983,2.317328954,2608,0
D.C Machine_4722-92,02-06-2023,215.4346039,9.104578474,1.86317549,1494.188878,58.55307369,2.612680785,2611,0
D.C Machine_4722-92,01-06-2023,211.5939089,6.985174092,2.15612796,1402.827157,69.0873298,1.416788705,2617,0
D.C Machine_4722-92,31-05-2023,215.5551432,7.397668146,1.905972976,1525.414959,65.98429324,2.644001699,2624,0
D.C Machine_4722-92,30-05-2023,221.2105898,8.921408398,1.934005729,1529.1684,75.62013106,0.184111155,2629,0
D.C Machine_4722-92,29-05-2023,215.5563987,8.460814477,2.021301717,1546.330238,59.92090197,2.751099598,2633,0
D.C Machine_4722-92,28-05-2023,224.6837123,8.92379656,2.059936937,1590.023138,63.24108306,2.300284324,2635,0
D.C Machine_4722-92,27-05-2023,227.0616385,7.867431985,1.974368311,1440.244811,65.86782972,4.110608534,2636,1
D.C Machine_4722-92,26-05-2023,208.1520655,7.710994789,2.046079433,1525.825372,71.53288469,3.413085537,2639,0
D.C Machine_4722-92,25-05-2023,224.3202615,6.001360524,1.959901384,1520.46475,76.94128708,3.506980359,2646,0
D.C Machine_4722-92,24-05-2023,208.8019797,6.853999573,1.902882934,1479.0459,66.71272307,2.817397096,2654,0
D.C Machine_4722-92,23-05-2023,222.0074953,8.047066095,2.142631686,1519.855312,76.63965076,2.646615614,2655,0
D.C Machine_4722-92,22-05-2023,226.1243528,8.82455722,2.248844161,1524.982348,78.22076357,0.818368685,2657,0
D.C Machine_4722-92,21-05-2023,220.3242805,8.531178367,2.169596953,1439.065809,67.86784763,1.6649087,2666,0
D.C Machine_4722-92,20-05-2023,213.6015541,7.871758026,2.014180664,1512.311138,57.54341867,3.826728471,2674,0
D.C Machine_4722-92,19-05-2023,217.072844,7.728228434,2.183343536,1454.100785,58.28809665,0.543835551,2683,0
D.C Machine_4722-92,18-05-2023,218.6917728,8.217179633,2.035570352,1467.407175,75.91726975,1.549718165,2688,0
D.C Machine_4722-92,17-05-2023,219.0887761,8.078211181,1.952271373,1411.262759,65.23775564,0.580765919,2696,0
D.C Machine_4722-92,16-05-2023,218.9855158,9.404545515,2.046637957,1476.331954,52.87370677,3.450951814,2703,0
D.C Machine_4722-92,15-05-2023,219.4505861,8.14644077,1.990560749,1489.821466,76.12952368,1.434218671,2712,0
D.C Machine_4722-92,14-05-2023,221.0674002,6.518754038,1.901688182,1527.492843,71.29554521,3.544534366,2721,0
D.C Machine_4722-92,13-05-2023,213.9571317,6.727441865,1.910167803,1500.044996,55.94032919,1.586237506,2723,0
D.C Machine_4722-92,12-05-2023,218.7899009,9.518759337,2.080205174,1422.885592,81.79419981,1.49586792,2725,0
D.C Machine_4722-92,11-05-2023,227.5913059,6.828839539,1.815346802,1543.107403,78.36635987,3.278529189,2730,0
D.C Machine_4722-92,10-05-2023,218.0767729,8.764497453,2.060413674,1494.070669,71.38745251,2.938831726,2731,0
D.C Machine_4722-92,09-05-2023,217.7808195,7.731627265,1.83704164,1524.41853,57.25680632,-0.716280309,2738,0
D.C Machine_4722-92,08-05-2023,225.3909865,7.830241706,1.787882356,1548.296806,55.97669467,2.45114079,2741,0
D.C Machine_4722-92,07-05-2023,207.2040767,7.865867217,1.81611534,1571.130237,66.92931513,2.600166878,2747,0
D.C Machine_4722-92,06-05-2023,225.906893,9.221384959,2.196676397,1598.061349,52.8608461,2.209806931,2755,0
D.C Machine_4722-92,05-05-2023,216.8404812,7.807158171,1.980376604,1496.388062,74.05080273,1.342341996,2758,0
D.C Machine_4722-92,04-05-2023,220.8196429,7.966680717,2.008658318,1515.556222,55.89176687,2.028408445,2761,0
D.C Machine_4722-92,03-05-2023,220.4816068,6.469196503,2.141925505,1446.081945,71.64912729,1.601938519,2770,0
D.C Machine_4722-92,02-05-2023,224.7123406,8.206690512,2.093417975,1553.080009,67.11868547,2.211323028,2777,0
D.C Machine_4722-92,01-05-2023,218.6620263,8.531042507,1.860849473,1440.755628,77.11785268,1.797605737,2778,0
D.C Machine_4722-92,30-04-2023,216.6098711,8.239145581,2.086900634,1409.737416,60.62052405,1.378071842,2781,0
D.C Machine_4722-92,29-04-2023,226.489229,9.397896261,2.018418126,1541.5193,72.7372945,2.163770446,2785,0
D.C Machine_4722-92,28-04-2023,208.1791309,8.055171355,1.96583219,1473.915174,56.05159807,2.80243891,2787,0
D.C Machine_4722-92,27-04-2023,220.1016709,8.298977456,2.002429091,1538.880364,77.95549552,2.289005892,2793,0
D.C Machine_4722-92,26-04-2023,213.2603729,9.64850401,2.127981202,1520.403732,68.85038234,1.44635761,2799,0
D.C Machine_4722-92,25-04-2023,216.1921331,6.449985811,1.911403352,1418.499867,74.95850669,2.33625402,2802,0
D.C Machine_4722-92,24-04-2023,230.0562834,7.544174652,2.040088568,1364.016032,56.79474653,3.069792392,2804,0
D.C Machine_4722-92,23-04-2023,219.7770229,9.426158752,1.999034276,1445.169913,74.99084276,3.595404169,2813,0
D.C Machine_4722-92,22-04-2023,220.9753485,8.936129148,1.820283538,1500.824574,73.06203396,3.207552584,2819,0
D.C Machine_4722-92,21-04-2023,211.0921857,8.678380099,1.919774683,1438.911183,73.63697893,2.537380193,2822,0
D.C Machine_4722-92,20-04-2023,216.3547767,8.832650739,2.019321355,1467.361928,73.12633963,0.990875969,2825,0
D.C Machine_4722-92,19-04-2023,220.982787,8.327066209,2.129734209,1427.052963,68.06536117,0.634447273,2827,0
D.C Machine_4722-92,18-04-2023,221.7737885,9.631597428,2.100133102,1508.493898,82.4129922,1.797618786,2828,0
D.C Machine_4722-92,17-04-2023,223.0844328,8.37775917,2.05972125,1504.541296,68.44102014,0.590815218,2835,0
D.C Machine_4722-92,16-04-2023,220.0431395,8.239867106,1.918472434,1475.930369,62.608308,1.215215271,2843,0
D.C Machine_4722-92,15-04-2023,222.635021,8.158958674,2.180121399,1569.853265,69.41273807,1.829877695,2847,0
D.C Machine_4722-92,14-04-2023,222.2689096,8.192863956,2.021524047,1574.885751,60.49482055,1.515789578,2849,0
D.C Machine_4722-92,13-04-2023,210.8512979,6.842982719,1.899363448,1528.26336,65.36003577,1.672081944,2858,0
D.C Machine_4722-92,12-04-2023,220.1850286,8.770673054,1.981709502,1410.011441,68.22753384,0.671995373,2867,0
D.C Machine_4722-92,11-04-2023,223.839512,7.869560266,2.089624843,1444.765493,66.20445879,2.23146676,2873,0
D.C Machine_4722-92,10-04-2023,222.9493991,9.821915098,2.00076175,1520.356517,71.99397073,2.996508051,2874,0
D.C Machine_4722-92,09-04-2023,218.180706,7.924349529,2.088686469,1468.572121,89.45761391,1.451862532,2876,1
D.C Machine_4722-92,08-04-2023,215.9718675,8.420918284,2.110369396,1475.645428,75.7094984,2.725755344,2881,0
D.C Machine_4722-92,07-04-2023,214.4084404,8.246602186,2.040053068,1544.94837,80.72300647,4.662726714,2883,1
D.C Machine_4722-92,06-04-2023,219.3447299,7.374442965,1.914229738,1525.543741,64.96290563,1.90818897,2885,0
D.C Machine_4722-92,05-04-2023,225.6653994,8.992136829,2.013545466,1565.707722,64.12983711,2.651210008,2890,0
D.C Machine_4722-92,04-04-2023,210.2409795,9.905063641,2.004516586,1478.539535,66.21821953,2.19677009,2891,0
D.C Machine_4722-92,03-04-2023,216.7005414,7.98522278,2.185934633,1568.761271,78.52889097,2.969623729,2895,0
D.C Machine_4722-92,02-04-2023,214.3009877,7.699521214,1.837367806,1472.293438,48.51881522,0.281350123,2903,0
D.C Machine_4722-92,01-04-2023,223.9247876,7.644971269,1.986517755,1574.974575,59.66835225,0.943043232,2910,0
D.C Machine_4722-92,31-03-2023,217.2284519,6.107638107,1.941590645,1505.291732,71.02335847,2.143463928,2914,0
D.C Machine_4722-92,30-03-2023,217.6468117,7.822186856,2.033510562,1456.974513,67.75907633,2.886962566,2919,0
D.C Machine_4722-92,29-03-2023,218.9152522,8.250998116,1.756243564,1418.439025,89.67729682,2.130524026,2921,1
D.C Machine_4722-92,28-03-2023,222.2269663,9.054757925,2.111492456,1484.926384,74.47683216,0.335426749,2925,0
D.C Machine_4722-92,27-03-2023,218.038055,8.960047741,2.001374849,1487.188365,63.37808556,1.176386724,2934,0
D.C Machine_4722-92,26-03-2023,204.7692847,7.583500918,1.815529884,1542.883096,54.22392931,1.205293882,2936,0
D.C Machine_4722-92,25-03-2023,222.7165595,7.723177005,1.963888687,1494.470475,66.59439965,2.388991945,2938,0
D.C Machine_4722-92,24-03-2023,222.1952148,9.123905306,2.060896234,1478.378401,56.96779917,1.23796104,2946,0
D.C Machine_4722-92,23-03-2023,218.9022949,7.826536103,1.840855212,1553.851874,74.6675065,1.319192895,2953,0
D.C Machine_4722-92,22-03-2023,214.5798169,7.48997046,2.000322222,1488.758672,71.61106322,3.084747577,2962,0
D.C Machine_4722-92,21-03-2023,221.7589006,9.392518449,1.894252635,1471.187909,73.20031932,3.335316277,2966,0
D.C Machine_4722-92,20-03-2023,221.8961777,9.037585667,1.944401497,1528.730446,90.79176665,1.586725195,2975,1
D.C Machine_4722-92,19-03-2023,217.6498356,8.018791792,2.002673838,1475.508589,60.92534019,2.424902672,2980,0
D.C Machine_4722-92,18-03-2023,218.9163426,7.406222552,2.018345025,1532.940107,68.07595792,0.118516201,2989,0
D.C Machine_4722-92,17-03-2023,215.3492175,5.988119681,1.95292575,1470.154144,57.87484256,2.198327059,2992,0
D.C Machine_4722-92,16-03-2023,219.1070545,8.589703606,2.027279639,1488.852041,69.19401484,3.18997805,2993,0
